"","42387","42389","42391","42394","42396","42398","42401","42403","42405","42407","42408","42410","42412","42415","42417","42421","42422","42424","42435","42436","42440","42443","42445","42447","42449","42450","42452","42457","42459","42461","42464","42466","42468","42471","42473"
"1",2,2,2,2,2,3,2,3,4,2,3,2,2,2,2,2,2,3,4,2,4,2,3,4,2,2,2,2,2,2,2,2,2,1,2
"2",2,2,3,2,3,3,3,2,4,2,3,3,2,2,2,2,4,3,3,2,2,2,2,3,3,2,3,2,2,2,2,2,2,3,3
"3",2,2,3,3,2,2,2,2,2,2,3,2,2,2,3,3,2,2,2,3,3,2,2,2,2,2,3,4,2,2,2,2,2,2,3
"4",2,3,2,3,2,3,2,3,2,2,2,2,2,2,2,2,2,2,4,2,2,3,3,3,3,3,3,2,2,2,2,2,2,2,2
"5",1,3,2,3,2,2,2,2,3,2,3,2,2,3,4,2,2,3,3,2,3,2,2,2,3,3,4,3,2,2,3,2,2,2,2
"6",2,2,3,2,3,2,2,3,2,2,3,3,2,2,2,3,2,2,3,2,2,2,2,3,3,4,2,2,2,2,2,2,2,2,2
"7",2,3,2,2,3,2,3,2,2,2,3,2,2,2,2,2,2,2,3,4,3,2,2,2,3,4,2,4,2,4,2,2,2,3,4
"8",2,2,1,2,2,2,2,3,4,3,2,3,2,3,2,2,2,2,3,3,2,2,2,2,4,3,3,2,3,2,2,2,2,2,2
"9",2,2,2,2,2,2,2,2,3,2,3,2,3,1,3,2,3,2,2,2,4,2,2,2,3,2,3,2,2,2,2,2,2,2,2
"10",2,2,2,3,2,2,2,3,2,3,2,2,1,2,3,2,2,4,3,2,2,2,2,3,3,2,2,2,2,3,1,2,2,2,2
"11",3,4,2,3,2,3,2,2,2,2,2,3,2,3,2,3,2,3,2,3,2,2,2,2,3,2,2,3,2,2,2,2,2,2,2
"12",2,2,3,2,2,2,4,4,2,2,2,2,2,2,3,2,2,2,3,2,2,2,2,3,3,3,2,2,3,3,3,2,2,2,2
"13",3,2,2,3,2,3,2,4,2,2,2,2,2,2,2,3,2,2,2,2,2,4,4,2,3,2,2,2,2,3,2,2,3,3,2
"14",2,3,2,2,2,3,4,2,2,3,3,2,3,2,3,3,2,3,3,2,2,3,3,2,3,3,2,4,2,4,3,2,2,2,2
"15",2,2,2,2,2,2,2,2,2,3,3,3,2,2,2,2,3,2,4,3,2,2,2,3,3,3,2,3,2,4,2,2,2,2,2
"16",2,2,3,2,2,3,2,2,2,2,3,2,3,2,2,4,2,2,3,4,3,2,2,3,4,3,2,2,2,2,2,2,2,3,2
"17",1,4,2,3,2,3,3,2,2,2,3,2,2,2,2,2,2,3,4,4,3,2,3,3,3,2,2,2,2,3,2,3,2,2,2
"18",2,1,2,2,2,2,3,3,4,2,3,2,2,2,3,3,3,2,2,3,3,2,2,2,3,3,2,2,3,1,2,2,2,2,3
"19",3,2,2,3,2,2,3,3,4,3,2,2,2,2,2,3,2,3,2,2,2,2,2,2,2,4,2,2,2,2,2,2,2,3,2
"20",2,2,2,3,2,3,2,3,2,4,3,4,3,2,2,3,2,2,2,3,2,3,2,3,3,4,2,3,3,2,2,2,2,3,1
"21",2,1,2,3,2,2,3,2,2,2,2,2,2,2,3,2,2,1,2,2,3,2,4,3,2,2,2,4,2,2,2,2,2,2,2
"22",3,2,2,2,3,2,3,2,2,2,3,2,2,2,3,3,4,1,4,2,3,3,2,2,3,4,3,2,2,2,2,2,2,2,3
"23",2,2,2,2,2,4,2,2,1,4,2,2,3,2,2,3,2,2,2,3,2,2,3,4,3,3,2,2,3,2,2,2,2,2,2
"24",2,2,2,3,2,2,3,3,2,2,2,2,2,2,2,2,2,4,1,2,3,2,3,2,2,3,3,2,2,4,2,2,2,2,3
"25",2,2,2,2,3,3,2,3,3,3,2,2,3,2,2,3,3,3,2,2,2,2,2,3,4,3,2,2,2,2,2,2,2,3,2
"26",2,2,2,3,4,3,3,2,2,3,3,2,2,2,3,2,2,3,2,3,3,2,2,2,2,3,2,3,2,2,2,2,2,2,3
"27",2,3,3,2,2,2,3,3,2,3,4,2,2,2,1,2,3,3,4,2,3,2,2,3,3,2,2,2,2,2,2,2,2,3,3
"28",2,3,3,2,4,3,3,2,3,4,4,2,3,2,2,2,2,3,2,2,3,2,2,4,4,2,2,2,2,2,2,2,2,3,2
"29",3,2,2,2,3,3,4,2,2,3,3,2,2,2,2,2,2,2,2,3,2,3,2,2,3,2,3,3,3,2,2,2,2,3,2
"30",2,2,3,2,4,2,3,2,3,2,4,3,4,2,2,2,4,3,2,2,2,4,2,3,3,2,2,3,2,2,2,2,2,3,2
"31",2,2,2,2,2,3,4,2,2,2,3,2,2,2,2,3,1,2,3,3,2,1,3,2,3,3,2,2,2,2,2,2,2,2,2
"32",2,4,2,2,4,2,3,3,2,3,4,3,2,3,3,2,4,2,2,2,2,2,2,4,2,2,3,3,2,2,3,2,2,2,2
"33",2,2,2,2,2,2,4,2,2,2,4,2,3,2,2,3,3,3,2,2,2,2,2,3,3,2,2,2,2,2,2,3,2,3,2
"34",2,2,3,3,2,2,3,2,3,4,3,3,2,2,2,3,3,2,3,3,4,2,3,2,2,3,2,4,2,3,2,2,2,2,1
"35",2,2,3,2,3,3,4,3,2,4,2,2,2,2,2,2,3,2,2,2,3,3,2,3,3,3,2,3,2,2,2,3,2,3,1
"36",2,2,2,3,2,2,2,3,4,3,3,2,2,2,2,3,3,3,2,2,2,3,3,3,3,3,2,3,2,3,2,3,2,2,2
"37",2,2,1,3,2,2,3,3,2,2,3,3,2,2,2,2,2,2,4,2,2,3,2,3,4,2,2,2,2,3,2,2,2,3,2
"38",3,3,2,2,3,2,3,2,2,3,4,2,1,3,2,2,1,4,2,3,2,3,2,2,3,2,2,2,2,4,2,2,2,2,2
"39",2,3,3,2,3,2,3,2,2,3,3,2,2,2,3,2,2,2,3,2,2,3,2,3,3,2,2,2,3,2,1,2,3,3,2
"40",2,3,2,2,2,2,2,2,2,3,3,2,3,2,2,2,2,2,4,2,4,2,2,3,3,2,2,2,2,2,4,2,2,3,2
"41",4,2,2,3,2,2,4,3,2,2,3,2,2,2,3,2,3,2,4,2,2,3,2,2,2,2,2,2,2,3,2,2,3,3,2
"42",2,2,2,2,2,4,3,4,3,2,2,2,2,2,3,2,2,2,4,2,3,3,2,3,2,2,2,2,2,2,2,2,2,2,3
"43",2,3,2,2,4,2,4,3,2,4,3,3,2,2,2,2,2,2,2,2,2,2,2,3,3,2,2,4,2,2,2,3,2,2,2
"44",3,2,2,2,2,2,4,4,2,3,2,3,2,2,3,3,1,4,2,2,3,3,2,2,2,2,3,2,2,3,2,2,2,3,2
"45",1,3,2,2,2,2,3,2,4,3,2,2,4,2,2,3,2,2,3,2,2,2,3,2,3,3,2,2,2,4,2,3,2,2,2
"46",2,2,2,3,3,2,2,2,3,3,2,2,2,2,2,2,2,2,3,2,2,3,3,3,3,3,2,2,2,2,2,2,3,3,2
"47",2,1,3,2,2,2,3,2,3,2,2,2,2,2,3,2,3,2,3,3,4,2,2,3,2,3,2,2,2,2,3,3,2,2,2
"48",2,2,2,2,2,2,4,2,2,3,3,4,2,2,2,3,2,2,3,2,3,4,3,3,2,4,2,4,3,2,2,2,2,2,2
"49",2,2,2,2,2,2,4,3,2,3,3,3,2,2,3,3,2,2,2,3,2,2,2,3,3,3,2,2,3,2,2,2,2,3,2
"50",2,2,2,2,3,2,2,4,3,2,3,4,3,2,3,2,3,4,4,2,3,2,2,2,3,3,3,2,2,2,2,2,2,2,2
"51",2,2,2,2,2,2,3,3,3,3,3,2,2,3,2,3,2,2,4,3,2,2,2,2,3,3,2,2,2,3,2,2,2,3,3
"52",2,3,2,2,2,2,4,3,3,2,4,3,2,2,2,2,2,2,2,2,3,2,2,3,3,2,2,3,3,3,2,2,3,2,2
"53",2,2,2,2,3,2,2,3,3,3,4,2,4,2,2,2,4,2,2,4,2,3,3,3,2,2,3,2,2,2,2,2,2,3,2
"54",2,2,2,4,3,2,3,2,2,2,2,4,2,2,2,2,3,2,3,2,2,4,2,3,3,4,2,2,2,2,2,2,2,2,3
"55",3,3,2,2,3,4,3,3,2,4,2,2,3,2,3,3,2,2,2,2,3,2,2,3,4,3,4,2,2,2,2,4,2,3,3
"56",1,2,2,2,3,4,2,2,3,3,3,1,4,2,3,3,2,2,2,3,3,3,2,2,2,2,2,3,2,2,2,2,2,2,2
"57",2,2,3,2,2,2,2,4,2,2,4,3,2,2,3,4,2,3,2,3,2,2,2,4,3,2,3,3,2,2,2,2,3,2,2
"58",1,3,2,2,3,2,3,3,2,4,3,2,4,2,2,2,2,4,4,2,2,2,2,3,3,3,2,2,2,2,2,2,2,2,3
"59",3,3,2,2,2,3,2,3,2,3,2,3,2,2,2,3,4,2,2,2,3,2,2,2,2,4,4,2,3,2,2,2,4,2,4
"60",2,3,3,3,3,4,4,2,2,2,3,2,2,2,3,2,2,2,2,2,2,2,3,2,2,2,3,3,3,2,3,2,2,2,3
"61",2,2,3,4,2,2,4,2,2,4,3,2,2,2,2,3,2,2,3,2,2,2,2,3,2,4,3,2,2,3,2,2,2,4,3
"62",3,4,3,2,2,3,4,2,2,4,3,2,2,2,2,2,2,2,3,2,3,2,2,2,3,3,3,4,3,2,2,2,2,3,3
"63",2,2,2,3,3,4,3,4,2,2,3,2,2,2,2,3,4,2,2,2,3,2,2,3,3,2,2,2,4,3,2,2,2,2,3
"64",3,3,2,2,2,2,4,3,3,4,2,3,2,2,2,3,3,3,2,2,2,2,2,2,2,2,2,3,2,2,2,2,2,2,2
"65",2,2,3,2,3,2,2,2,2,3,3,4,2,2,4,3,2,3,3,2,3,2,2,3,3,2,4,3,2,2,2,2,4,2,2
"66",2,3,2,3,2,2,2,4,3,2,2,4,3,2,2,2,3,2,2,2,2,2,2,2,3,4,4,2,2,2,3,2,2,2,3
"67",3,3,2,3,3,4,2,4,4,2,3,4,2,2,2,3,4,2,2,2,3,2,2,3,4,2,2,3,3,2,3,2,2,2,3
"68",2,3,2,3,2,2,2,2,3,3,3,4,2,2,2,2,2,2,4,2,3,2,3,2,2,4,2,2,2,2,2,2,2,2,2
"69",3,2,3,2,1,3,2,4,3,3,3,3,2,2,2,2,3,2,3,3,4,3,2,2,3,2,3,2,2,2,2,2,2,4,2
"70",2,2,2,2,2,2,2,3,2,4,4,2,3,2,2,4,2,2,4,4,3,4,3,2,3,3,2,2,2,2,2,3,2,2,2
"71",2,4,3,2,3,2,3,2,2,2,3,2,2,2,2,2,4,3,2,3,2,3,3,3,3,4,2,3,2,2,2,2,2,2,3
"72",1,2,2,2,3,4,4,2,2,2,4,2,2,2,2,3,2,3,2,2,1,2,2,3,4,3,2,2,3,2,2,2,2,2,3
"73",2,3,2,3,2,2,2,3,2,3,2,2,3,3,2,3,2,2,4,2,2,4,2,4,3,3,2,4,2,4,2,3,3,2,2
"74",3,2,3,2,3,2,2,2,2,3,3,2,2,2,3,2,2,2,3,3,4,3,2,3,4,4,4,3,4,3,2,3,2,4,2
"75",2,2,3,3,2,2,2,3,2,2,3,2,4,2,2,2,3,3,2,2,2,2,2,3,3,2,2,2,3,2,2,2,2,3,2
"76",2,2,2,2,3,2,3,3,2,2,3,2,2,2,2,2,2,2,2,3,3,3,2,3,3,3,2,2,2,3,2,3,2,3,2
"77",2,2,3,3,3,2,3,3,2,3,3,3,2,2,2,2,2,2,2,2,2,4,2,2,2,2,3,4,3,2,3,2,2,2,2
"78",2,4,2,3,2,2,2,3,3,4,2,3,2,2,2,4,2,2,2,2,3,2,2,2,4,2,2,3,2,2,2,3,2,3,2
"79",2,1,2,2,2,2,3,2,3,4,3,2,2,2,2,3,2,2,3,2,2,2,2,2,3,4,3,3,2,2,2,2,2,3,4
"80",2,4,2,3,2,2,2,3,2,3,2,2,2,2,2,2,3,2,2,3,2,3,2,2,2,2,3,3,3,2,2,2,2,2,3
"81",2,2,2,2,4,2,4,2,2,3,2,3,2,2,2,1,3,4,2,2,3,3,2,3,3,3,4,2,3,2,3,2,2,2,2
"82",2,2,2,2,3,3,4,3,3,3,4,2,2,3,2,4,2,2,4,3,2,2,1,2,2,2,2,1,2,2,2,3,3,2,2
"83",3,3,2,2,2,2,3,2,3,2,4,3,2,2,3,2,2,2,2,2,2,3,4,3,4,4,4,2,2,2,2,2,3,2,4
"84",2,2,2,3,3,2,3,3,4,2,2,2,4,2,3,3,2,3,3,2,3,3,3,2,3,3,2,1,2,2,3,2,2,2,3
"85",2,3,2,2,4,3,3,2,3,4,3,3,2,2,2,2,2,2,2,2,4,2,2,3,3,3,2,2,2,3,2,2,3,2,2
"86",2,2,2,4,4,4,4,4,2,3,3,2,2,2,3,2,2,2,3,3,2,3,3,2,3,2,2,2,3,2,2,3,1,3,2
"87",2,2,2,2,2,3,4,2,3,2,4,3,2,2,2,3,3,3,2,2,2,2,2,2,2,2,2,3,2,2,2,2,3,2,2
"88",2,2,1,2,2,3,2,4,4,4,3,2,2,3,3,2,2,3,2,3,2,2,2,2,2,3,2,2,2,2,2,2,3,2,2
"89",2,2,1,3,3,2,3,2,3,4,2,2,2,2,2,2,3,2,2,3,3,2,2,3,2,3,2,2,2,2,2,2,2,3,2
"90",3,1,3,3,3,4,2,2,3,2,2,4,3,2,2,3,3,2,3,2,3,2,3,3,3,3,4,3,3,2,2,2,2,2,2
"91",2,2,2,2,4,2,2,2,2,4,2,4,2,3,3,2,3,2,2,2,3,3,3,2,2,4,3,3,2,2,2,2,2,3,2
"92",2,4,2,2,3,2,3,4,4,4,1,2,2,2,2,2,2,2,2,2,2,3,2,3,4,2,2,4,1,2,2,4,2,2,2
"93",3,2,3,2,3,4,3,2,2,4,4,2,2,3,2,2,2,2,2,2,2,2,2,2,4,2,2,2,2,2,2,2,2,3,1
"94",3,3,2,2,2,2,3,2,3,2,2,2,2,2,2,4,2,3,2,2,2,3,2,2,2,2,3,4,2,2,2,3,3,2,1
"95",2,2,2,2,2,2,2,3,2,2,2,2,3,2,3,2,3,4,2,2,3,3,2,3,2,2,2,3,2,2,3,2,2,2,4
"96",2,2,2,3,2,3,3,3,3,2,4,2,2,2,2,2,2,3,2,2,2,4,2,3,2,2,2,2,2,3,2,2,2,4,2
"97",2,2,2,2,2,3,2,2,2,3,3,2,3,2,2,3,2,2,2,2,2,3,2,2,2,3,2,3,3,2,2,2,2,3,3
"98",3,2,2,2,2,3,2,3,3,3,4,2,2,3,2,2,2,2,2,2,3,2,2,3,3,4,2,2,3,2,2,3,2,2,3
"99",3,3,2,2,2,3,4,2,3,3,3,2,2,2,2,3,2,3,3,2,2,2,2,3,2,2,2,2,2,2,2,2,2,2,4
"100",2,3,3,2,3,3,3,2,3,3,3,2,3,2,3,2,2,2,3,3,3,2,2,3,2,3,2,2,2,2,3,2,2,3,2
"101",2,2,3,3,2,2,4,4,2,2,3,2,2,3,3,2,3,2,3,2,3,2,2,3,4,2,2,2,2,2,2,2,2,2,4
"102",2,3,2,2,2,2,2,2,1,2,3,2,2,1,2,2,3,2,4,3,2,3,2,3,4,2,4,3,2,4,2,2,1,2,2
"103",3,3,4,2,3,3,2,4,2,2,3,2,3,1,2,2,2,2,2,2,3,2,2,2,3,4,2,3,3,2,2,3,2,3,3
"104",2,3,3,2,2,2,3,2,3,2,4,2,2,2,2,2,2,2,2,3,1,2,2,2,4,3,2,2,3,3,1,2,2,2,2
"105",2,2,2,3,2,2,3,2,4,2,4,3,2,2,2,2,3,4,3,2,2,3,2,3,3,3,2,3,2,3,2,2,2,2,3
"106",2,3,2,2,3,3,3,2,3,3,3,3,2,2,2,4,2,2,2,2,2,2,2,3,3,3,2,4,2,3,2,2,2,3,2
"107",2,2,3,3,2,4,2,2,3,2,3,2,2,2,2,2,2,2,2,2,3,3,2,2,2,4,2,2,2,3,2,2,2,2,3
"108",4,3,2,2,4,2,3,2,3,2,3,3,2,2,2,3,2,3,2,2,3,2,2,2,2,4,3,2,2,2,2,2,2,2,2
"109",2,2,2,2,3,3,4,2,3,2,3,2,2,2,2,3,2,3,4,2,2,2,2,3,3,4,3,2,2,3,2,3,2,3,NA
"110",2,2,2,2,4,3,4,4,3,4,4,3,2,2,2,2,3,2,3,2,2,2,2,3,2,3,2,2,2,2,2,2,2,2,NA
"111",2,2,4,2,3,3,2,2,2,3,3,2,2,2,3,2,3,3,4,2,3,3,2,2,3,3,3,2,2,3,2,2,2,2,NA
"112",2,2,2,3,2,3,3,4,3,3,4,2,2,2,2,2,4,2,3,2,3,2,2,2,2,4,2,2,2,2,2,2,3,2,NA
"113",2,2,3,2,3,2,3,3,3,2,3,3,2,2,2,3,4,2,2,4,2,2,2,3,2,3,4,2,2,3,2,3,2,3,NA
"114",2,3,2,2,2,2,2,3,2,4,3,2,2,2,4,3,2,2,3,2,2,4,2,2,2,4,4,2,2,2,2,3,2,3,NA
"115",3,3,2,2,3,2,2,2,3,2,4,2,2,2,2,3,2,3,2,3,3,2,2,2,4,4,2,2,2,2,2,2,2,2,NA
"116",2,2,3,2,3,3,2,2,3,3,3,2,2,2,2,2,3,2,3,2,4,3,2,2,3,2,2,2,2,4,2,2,2,3,NA
"117",4,3,2,2,2,3,2,4,2,2,3,2,2,2,3,2,2,3,3,3,2,2,2,3,3,2,2,2,2,3,2,2,2,3,NA
"118",2,2,1,2,3,2,4,4,2,2,3,3,2,3,3,3,2,2,3,2,3,4,2,3,3,3,2,2,2,3,2,3,2,3,NA
"119",2,2,2,3,2,2,4,3,3,3,2,2,4,2,2,4,3,2,2,3,2,1,2,3,2,2,2,2,4,2,2,3,3,4,NA
"120",2,2,3,2,2,2,2,3,2,2,2,2,2,2,2,2,3,3,2,3,2,2,3,3,4,2,2,2,3,2,2,2,2,2,NA
"121",2,2,2,2,3,1,4,3,2,2,2,2,2,2,2,2,3,3,4,2,2,1,2,2,4,2,2,2,2,2,2,2,1,2,NA
"122",2,3,2,2,3,3,3,3,3,2,2,4,2,3,2,2,2,2,4,3,2,2,2,3,3,2,2,3,2,1,2,3,2,3,NA
"123",2,4,2,2,2,2,2,3,2,2,2,3,3,2,2,2,3,3,2,2,2,4,2,2,3,4,2,2,2,2,2,2,2,3,NA
"124",2,2,2,2,2,4,3,2,2,3,3,2,2,2,2,2,2,2,2,3,3,3,2,2,3,3,2,2,2,2,2,2,2,2,NA
"125",2,3,2,2,3,2,4,1,4,4,2,2,2,3,3,2,2,3,2,4,2,2,2,2,3,4,3,2,3,2,2,1,2,3,NA
"126",2,2,2,2,4,2,4,2,2,3,2,2,2,3,3,4,3,2,2,2,3,2,2,2,3,3,2,3,2,2,2,3,3,2,NA
"127",2,2,3,3,3,4,2,2,2,3,2,2,2,3,3,2,3,4,2,1,4,2,3,3,3,3,4,2,3,4,2,3,2,2,NA
"128",1,4,2,2,3,2,2,2,2,3,3,3,2,2,2,4,2,2,2,2,2,2,2,3,3,2,3,3,2,2,2,4,2,2,NA
"129",1,2,2,2,3,3,4,2,2,3,3,3,2,2,3,2,4,2,2,4,2,3,2,3,3,4,2,2,3,2,3,3,2,3,NA
"130",1,2,2,2,3,3,3,2,2,4,3,3,2,2,3,3,2,4,2,2,2,2,2,3,3,2,2,2,4,2,2,2,2,4,NA
"131",2,1,2,2,4,2,3,2,2,1,3,3,2,2,2,2,2,2,2,3,2,2,2,2,4,4,4,2,4,3,2,2,2,2,NA
"132",1,2,2,3,2,2,3,2,3,2,2,3,2,3,2,2,2,3,2,2,2,2,3,3,4,4,4,2,2,2,2,3,2,1,NA
"133",2,4,3,2,2,2,3,4,3,2,3,2,2,2,2,2,2,4,2,3,2,4,2,4,3,3,3,4,2,2,2,2,2,3,NA
"134",2,2,2,2,2,2,3,4,4,4,3,2,2,2,2,2,3,2,3,2,2,3,2,2,2,2,2,2,3,2,2,2,2,2,NA
"135",2,3,3,2,3,3,2,2,2,2,3,2,3,4,2,2,2,2,4,4,2,3,2,2,3,2,2,2,3,2,2,2,2,4,NA
"136",2,3,3,2,2,4,2,1,4,3,3,3,4,3,2,2,2,2,2,2,3,2,2,2,2,4,2,3,2,2,3,2,2,3,NA
"137",2,2,3,2,3,2,2,2,2,3,2,2,2,2,2,2,2,1,4,3,4,2,2,3,2,3,4,2,2,2,2,2,2,2,NA
"138",2,3,2,2,3,2,2,2,3,2,3,2,2,2,4,2,2,2,4,3,4,2,2,2,3,4,2,3,2,2,2,2,2,2,NA
"139",2,2,2,2,2,3,4,3,3,2,3,3,3,2,3,3,3,2,4,3,2,3,2,3,2,4,3,2,2,3,3,2,2,2,NA
"140",3,3,2,3,3,2,3,3,2,3,2,2,3,2,2,3,2,3,3,4,2,3,3,2,2,2,4,3,2,2,3,2,2,4,NA
"141",2,2,2,2,2,3,4,2,2,2,3,2,3,2,2,2,2,2,3,2,2,3,2,3,3,4,2,2,3,2,2,2,2,2,NA
"142",2,2,2,2,3,2,3,2,2,2,3,3,3,2,2,2,3,2,4,3,2,4,3,3,4,3,2,4,4,2,2,2,2,2,NA
"143",3,2,3,2,3,2,3,2,3,2,3,4,3,2,4,2,2,2,2,2,2,2,3,3,3,3,4,3,3,2,2,2,2,2,NA
"144",2,2,3,2,3,2,3,3,3,3,4,2,3,3,3,2,2,2,2,2,3,3,2,3,4,3,2,2,2,2,2,2,2,2,NA
"145",2,2,1,2,2,3,4,3,3,3,3,2,2,3,3,3,2,3,2,3,3,2,2,2,2,4,3,2,3,2,1,2,2,2,NA
"146",2,2,2,2,2,3,3,2,4,2,2,2,3,2,2,4,3,3,2,2,2,2,2,2,3,3,3,2,1,2,2,2,2,2,NA
"147",2,2,1,3,2,2,3,2,4,3,3,3,1,2,2,2,3,3,3,3,2,2,2,2,4,2,2,3,1,2,3,4,2,2,NA
"148",2,2,2,3,3,3,2,2,3,2,3,2,2,2,2,3,2,4,2,2,3,3,2,2,3,3,4,2,2,2,2,3,2,2,NA
"149",2,2,2,1,4,2,4,3,4,3,2,3,4,2,3,3,2,2,2,2,3,2,3,3,2,4,2,3,4,2,2,2,3,4,NA
"150",1,2,2,3,3,3,4,3,4,3,3,3,2,2,4,3,2,2,4,3,3,2,2,3,4,2,2,3,3,2,2,2,2,2,NA
"151",2,3,2,2,3,3,3,3,3,3,4,2,2,2,2,2,2,2,4,3,2,4,2,2,3,2,2,2,2,2,2,2,2,4,NA
"152",3,3,4,2,4,3,3,3,2,2,3,2,2,2,2,3,3,3,2,2,3,2,2,3,2,3,2,2,2,2,2,2,2,2,NA
"153",2,4,3,3,2,2,3,2,3,2,3,3,2,3,2,3,2,2,3,2,3,3,2,2,4,4,2,2,2,2,2,2,2,2,NA
"154",2,2,2,2,2,2,2,2,3,2,3,2,2,2,3,2,2,2,2,2,3,3,3,2,3,4,3,2,3,4,3,2,2,4,NA
"155",2,3,2,2,2,2,2,2,4,3,3,2,2,2,3,3,3,2,3,3,2,2,3,2,4,2,3,2,2,2,2,2,3,3,NA
"156",2,2,2,4,3,3,3,2,2,4,3,2,3,3,3,2,2,3,3,2,2,2,3,2,4,2,4,4,2,2,3,2,2,2,NA
"157",2,2,2,2,2,2,2,3,2,2,3,4,2,2,2,2,3,2,2,3,3,2,2,2,2,4,2,4,2,2,2,2,2,2,NA
"158",2,2,2,2,3,2,4,3,3,3,2,2,2,2,4,2,2,2,2,2,2,2,2,2,3,3,3,2,3,2,2,2,2,2,NA
"159",2,2,2,3,3,4,2,2,3,3,2,3,2,2,3,2,2,1,2,3,3,2,2,2,4,3,2,3,2,2,2,1,2,3,NA
"160",2,3,2,2,2,2,3,2,2,3,3,2,2,3,2,3,3,2,3,2,2,2,2,3,2,3,2,2,2,3,2,2,2,3,NA
"161",4,3,2,2,3,2,3,3,4,2,4,2,4,2,2,2,2,2,4,3,2,4,2,2,3,3,2,3,3,4,3,2,2,2,NA
"162",2,4,3,2,2,4,2,3,2,2,4,2,2,2,2,2,2,2,3,2,2,2,3,2,4,2,3,2,2,2,4,3,2,2,NA
"163",2,3,2,3,2,2,3,3,2,2,4,3,2,2,2,3,2,3,4,2,2,3,2,2,2,2,2,3,3,2,2,3,3,2,NA
"164",2,2,3,2,4,3,4,2,2,3,3,2,3,2,3,2,2,2,2,2,2,2,2,3,3,3,2,3,2,2,3,2,2,2,NA
"165",3,2,2,2,2,3,4,3,2,4,2,2,2,2,4,2,2,2,2,2,2,2,2,2,4,2,4,2,2,2,2,2,2,2,NA
"166",2,2,3,2,2,2,2,4,2,4,3,3,2,3,3,3,2,2,3,2,2,3,2,2,3,2,3,2,3,2,2,4,3,3,NA
"167",2,3,2,4,3,3,2,4,2,2,2,2,2,2,2,2,2,2,3,2,4,2,2,3,3,3,3,2,3,3,3,3,2,3,NA
"168",2,2,4,3,2,2,3,4,2,3,2,2,2,2,2,2,3,2,2,3,3,2,2,2,2,4,2,2,3,2,2,3,2,2,NA
"169",2,2,3,2,2,2,2,2,3,3,3,3,2,2,3,2,2,2,2,2,2,2,3,2,2,3,3,1,3,2,3,3,1,3,NA
"170",2,2,2,2,3,4,4,4,3,4,4,2,3,2,2,2,3,3,2,2,2,2,2,3,3,3,2,4,2,2,2,2,1,3,NA
"171",2,2,2,2,2,3,4,3,2,3,3,2,2,1,2,2,3,3,2,4,2,3,2,2,3,3,2,4,3,2,3,2,3,2,NA
"172",2,2,3,2,4,3,2,2,3,3,4,2,3,3,3,3,4,2,4,2,3,2,2,2,2,3,3,2,2,3,2,2,2,3,NA
"173",2,3,2,4,2,2,2,4,2,2,3,3,2,2,2,3,3,4,2,3,2,3,2,2,2,2,4,3,3,3,3,2,2,2,NA
"174",3,2,2,2,2,2,2,3,4,2,3,2,2,2,2,2,2,2,3,3,2,2,2,3,4,3,2,2,2,2,2,3,2,2,NA
"175",2,2,2,2,2,2,2,2,4,3,2,2,3,2,3,2,2,2,2,2,3,3,2,2,2,2,3,4,2,2,2,3,2,2,NA
"176",2,2,2,3,2,4,4,4,3,3,3,3,2,2,2,2,2,2,3,2,3,2,3,2,2,3,2,4,3,4,2,2,2,2,NA
"177",2,2,3,3,2,4,3,3,4,2,4,3,2,2,2,2,3,2,2,2,2,2,2,3,3,4,2,3,2,3,2,2,2,2,NA
"178",2,2,2,3,3,3,2,2,4,3,4,3,4,2,3,3,2,2,2,2,2,2,2,3,2,2,3,2,2,2,2,2,4,2,NA
"179",2,2,2,2,2,3,3,2,3,2,3,2,1,2,3,2,3,2,3,2,2,2,2,2,3,4,2,3,2,2,3,3,2,3,NA
"180",2,2,4,2,4,3,2,3,3,4,3,2,2,2,2,2,2,2,4,2,3,4,2,2,3,4,3,2,2,3,2,2,2,3,NA
"181",2,2,2,2,2,3,4,2,2,2,3,3,2,2,2,2,2,2,4,3,2,2,2,2,3,2,2,2,2,3,2,2,2,2,NA
"182",2,3,2,2,2,2,3,2,3,3,2,3,4,2,2,3,3,2,3,2,3,2,2,3,3,3,4,3,2,4,2,3,2,3,NA
"183",2,3,2,2,4,3,2,3,2,2,2,2,2,2,3,2,3,2,2,2,2,4,3,3,4,2,3,3,2,2,2,2,2,3,NA
"184",2,2,3,3,4,3,2,2,2,2,2,2,4,2,2,2,2,2,4,2,2,2,3,2,2,4,3,3,3,3,2,2,2,2,NA
"185",1,3,2,2,3,3,2,4,2,4,3,2,2,2,3,2,2,2,4,2,2,2,2,3,3,4,2,2,2,3,3,2,2,2,NA
"186",2,2,2,3,4,4,3,4,2,4,4,2,3,3,2,3,2,2,3,2,2,2,2,3,4,3,2,2,2,2,2,2,2,2,NA
"187",2,2,2,2,2,3,2,2,2,3,4,2,3,3,2,2,2,3,3,2,3,2,2,2,3,3,2,2,3,2,2,2,3,2,NA
"188",2,2,3,2,2,4,2,3,3,2,2,2,2,3,2,2,2,4,2,2,3,3,2,2,3,4,2,2,2,3,2,2,2,3,NA
"189",1,3,2,2,3,3,3,3,3,3,3,3,3,3,3,3,2,2,2,2,2,2,2,3,4,2,2,2,2,2,2,2,2,3,NA
"190",2,2,2,2,2,2,3,4,2,2,3,3,2,2,3,2,2,2,3,2,3,3,2,3,3,2,3,2,2,2,2,2,1,2,NA
"191",1,2,2,2,2,3,3,4,3,4,3,2,3,2,2,3,2,2,3,2,4,2,4,2,2,4,2,2,2,2,2,3,1,2,NA
"192",2,4,3,3,3,2,2,2,2,3,3,2,2,3,2,3,2,2,2,3,2,3,3,2,4,4,2,3,3,3,2,2,2,3,NA
"193",2,4,2,2,4,3,4,2,2,2,4,3,2,2,2,4,2,3,3,2,2,2,3,2,4,2,2,4,2,2,2,2,2,2,NA
"194",2,3,2,2,3,3,2,3,2,2,3,2,3,2,2,4,2,3,2,3,3,2,3,3,3,2,3,2,2,2,3,2,2,2,NA
"195",3,3,2,2,2,3,2,2,3,3,2,2,2,4,2,3,2,2,3,2,2,2,3,3,4,3,2,3,2,3,2,2,1,2,NA
"196",2,2,2,2,3,2,3,3,3,3,2,3,2,2,2,2,2,2,3,3,3,2,3,2,3,3,2,2,3,2,2,2,2,3,NA
"197",2,2,3,2,2,3,2,4,2,3,4,3,2,2,2,2,2,4,2,2,2,2,2,2,4,2,4,2,3,3,2,2,1,2,NA
"198",2,3,3,3,2,2,3,3,2,3,3,4,2,2,2,4,2,3,4,2,2,2,2,2,3,2,2,2,3,2,2,2,2,2,NA
"199",2,3,2,2,4,2,2,2,2,3,2,3,4,2,3,2,3,3,2,3,3,2,3,2,3,3,4,2,4,2,2,2,2,3,NA
"200",4,1,2,3,3,2,3,3,3,3,3,3,2,2,2,4,2,3,3,4,3,2,3,3,4,4,2,4,2,2,2,2,2,2,NA
"201",2,2,2,3,2,3,4,4,3,3,2,2,2,2,2,2,2,4,3,3,2,3,2,2,3,3,2,2,2,2,2,2,2,2,NA
"202",2,2,2,2,3,4,4,4,4,4,2,3,2,2,2,3,2,2,2,2,2,2,2,3,4,4,2,3,2,2,2,2,2,4,NA
"203",2,2,2,3,2,3,2,2,3,3,2,2,2,3,2,3,3,2,4,3,4,4,3,2,3,4,4,2,2,2,2,2,2,3,NA
"204",2,2,2,2,4,2,3,4,3,3,3,2,3,2,3,2,3,2,2,2,3,3,2,3,3,4,3,4,2,3,2,3,2,2,NA
"205",2,1,3,2,4,2,2,3,3,3,3,2,2,3,2,2,3,2,2,2,2,2,2,3,3,2,2,1,3,2,2,2,2,2,NA
"206",3,2,2,3,4,2,3,3,2,3,3,2,2,2,2,2,3,2,3,2,2,2,3,2,2,2,2,2,3,3,2,2,2,2,NA
"207",2,2,2,2,2,2,4,3,2,4,3,2,2,2,2,3,4,4,2,2,2,3,2,3,2,2,2,2,2,2,2,2,4,3,NA
"208",3,2,2,2,2,3,3,3,1,2,3,2,2,3,2,2,2,2,4,2,2,3,2,2,3,2,2,4,2,2,2,2,2,2,NA
"209",3,1,2,2,2,2,4,2,2,3,3,2,2,2,2,3,3,2,2,3,2,2,3,3,2,3,4,4,3,2,3,2,3,3,NA
"210",2,2,3,2,3,2,3,3,2,3,2,2,2,2,2,3,3,2,2,2,2,3,3,2,2,2,4,2,3,2,3,2,2,2,NA
"211",1,2,2,4,2,3,2,2,2,4,3,2,4,2,2,2,2,3,3,2,2,3,2,3,4,2,3,2,2,3,2,2,2,4,NA
"212",2,3,4,2,2,3,3,4,2,3,4,4,3,3,2,2,3,3,2,3,3,2,3,2,4,2,3,2,2,2,2,3,2,3,NA
"213",3,2,2,2,3,3,3,3,2,3,4,2,4,2,3,2,2,2,2,3,2,3,2,2,4,2,3,2,2,2,2,2,1,2,NA
"214",2,2,3,2,3,2,3,3,4,2,3,2,3,2,3,2,3,2,3,4,3,2,2,2,3,2,3,2,2,2,2,3,2,2,NA
"215",2,2,2,2,2,4,2,2,3,3,2,2,3,2,3,3,2,3,3,4,2,2,2,2,4,3,2,2,3,2,2,2,2,3,NA
"216",2,3,2,2,3,3,4,2,2,3,2,2,3,3,3,2,1,4,3,2,2,4,2,3,4,4,3,2,4,2,3,2,2,2,NA
"217",2,2,2,2,3,2,4,2,2,3,2,2,2,4,3,2,2,2,4,4,3,3,3,3,2,4,2,2,2,4,2,2,2,2,NA
"218",2,2,4,2,2,2,3,2,3,2,3,3,3,2,2,2,2,2,2,2,2,3,2,2,4,2,2,4,2,3,2,2,2,3,NA
"219",2,2,2,2,4,2,4,4,3,3,2,2,2,4,2,3,2,3,2,2,2,3,2,3,4,2,3,3,2,4,2,3,2,3,NA
"220",1,2,4,2,3,3,4,4,2,3,2,2,4,3,4,3,3,3,3,2,3,2,3,3,4,4,2,2,2,2,2,2,2,2,NA
"221",1,2,4,2,3,2,2,2,3,4,3,2,2,2,2,2,2,3,3,3,3,3,2,3,4,4,2,4,2,2,3,2,2,2,NA
"222",2,3,3,2,2,3,4,2,2,2,4,3,2,2,3,3,2,4,3,3,2,2,2,3,4,4,2,3,2,2,2,2,2,2,NA
"223",4,2,3,2,2,2,2,3,3,3,2,4,4,2,2,3,4,2,3,2,3,2,3,3,2,2,2,3,2,2,2,2,2,3,NA
"224",3,2,2,2,3,2,4,3,3,3,4,3,2,4,2,4,2,2,3,2,2,2,2,3,2,2,2,2,3,2,3,2,4,4,NA
"225",3,2,2,2,3,2,3,2,2,3,3,2,2,2,2,3,2,2,2,2,3,3,2,4,4,4,4,2,2,2,2,2,2,2,NA
"226",3,3,3,2,3,2,4,4,3,3,3,3,2,2,2,2,3,2,3,4,3,2,4,2,3,2,2,2,2,3,2,2,2,3,NA
"227",2,2,2,2,2,4,4,3,2,3,4,2,2,2,2,3,2,2,4,4,3,2,3,3,3,3,4,2,3,3,2,2,2,2,NA
"228",2,2,2,2,2,3,3,2,2,2,3,2,4,2,3,3,3,2,2,4,2,2,2,3,4,3,3,2,2,2,2,3,2,2,NA
"229",2,2,2,2,3,2,2,4,2,2,3,2,2,2,2,3,3,2,4,2,3,2,3,3,2,2,2,2,2,2,2,3,2,3,NA
"230",2,2,2,3,2,2,4,4,3,2,2,3,2,4,3,3,3,3,3,2,2,2,2,2,2,2,4,2,3,2,2,2,2,2,NA
"231",2,2,2,2,3,3,2,4,3,2,3,3,2,2,2,3,2,3,3,2,3,2,3,3,3,2,3,2,2,3,2,4,2,2,NA
"232",2,3,2,2,2,2,3,2,3,2,3,3,2,2,2,2,3,2,3,3,2,2,2,2,3,4,3,2,2,2,2,2,2,3,NA
"233",2,2,3,2,3,2,2,4,4,3,2,3,2,2,3,3,2,4,3,3,3,3,2,2,3,4,4,3,2,2,2,2,2,3,NA
"234",3,4,2,2,2,2,2,3,2,3,2,4,3,2,2,2,4,4,1,2,3,2,3,3,3,4,2,2,2,4,2,2,2,2,NA
"235",2,2,2,2,3,2,2,3,2,2,3,2,2,4,2,3,2,2,3,2,2,2,3,3,3,4,3,4,3,2,2,2,2,2,NA
"236",2,2,2,2,2,2,3,3,3,4,3,2,2,2,3,2,2,2,2,2,2,3,2,2,4,2,3,2,4,2,2,2,2,2,NA
"237",2,3,2,2,4,2,3,2,2,2,2,3,3,4,3,2,2,2,3,2,3,2,2,2,3,2,2,4,3,2,2,2,2,2,NA
"238",2,2,2,2,4,2,2,3,3,3,3,4,3,4,2,2,2,2,3,3,3,2,2,2,2,4,3,4,3,2,3,2,2,3,NA
"239",4,3,2,2,3,3,4,3,4,2,2,3,2,2,2,3,2,2,3,2,2,3,3,2,2,2,2,2,2,2,2,2,3,4,NA
"240",2,3,2,2,3,3,3,3,3,3,3,2,3,2,2,2,2,4,3,3,3,2,2,2,4,2,2,2,3,2,3,2,2,2,NA
"241",2,2,2,2,2,3,4,3,3,3,3,3,2,3,2,2,4,3,2,3,4,2,3,2,2,3,4,1,2,3,2,2,2,3,NA
"242",2,2,2,2,3,4,3,2,4,2,3,3,4,2,2,2,2,2,4,2,3,3,2,2,3,4,2,4,2,2,2,2,2,3,NA
"243",2,2,2,2,2,2,2,2,3,3,3,3,2,3,4,2,2,2,4,2,2,4,2,4,2,3,3,4,2,2,3,3,2,2,NA
"244",2,2,2,2,3,2,3,2,4,4,3,2,2,2,3,3,2,2,2,3,3,2,4,4,2,2,2,4,2,3,2,2,2,3,NA
"245",2,2,2,3,2,3,3,3,3,2,3,2,3,4,3,3,3,2,4,2,3,2,2,2,3,4,2,2,2,2,2,2,2,2,NA
"246",2,2,2,3,4,2,4,2,3,4,2,4,2,3,2,2,2,4,4,2,3,2,2,2,3,3,3,3,2,2,3,2,3,3,NA
"247",2,3,4,2,3,2,4,2,3,4,3,1,3,2,2,2,2,2,3,3,2,3,2,3,3,4,2,3,2,2,2,2,2,2,NA
"248",2,2,1,2,2,4,3,2,2,3,3,1,1,2,2,2,2,2,2,2,4,3,3,3,3,4,3,3,2,2,3,2,2,2,NA
"249",3,2,2,2,3,4,3,2,3,2,2,2,3,2,3,2,2,3,2,2,2,2,2,3,4,2,2,2,2,2,2,4,1,2,NA
"250",2,2,2,2,3,2,3,2,2,3,3,3,2,4,2,2,2,4,3,2,3,2,3,3,4,4,3,4,2,2,2,2,1,2,NA
"251",2,3,1,2,4,2,2,3,4,3,2,3,3,2,3,3,2,3,3,4,3,3,4,2,2,2,3,4,2,2,3,1,2,3,NA
"252",3,3,2,2,2,3,2,4,3,3,2,2,2,3,2,2,2,2,2,2,2,2,3,3,2,2,2,2,3,2,2,2,2,2,NA
"253",2,2,2,2,2,3,3,2,2,3,3,2,2,3,2,4,2,2,2,2,2,4,2,2,3,3,2,2,2,2,2,2,2,3,NA
"254",2,2,2,2,3,4,4,2,2,2,3,3,2,2,2,2,3,3,2,2,3,2,2,3,4,2,4,2,2,2,2,2,2,2,NA
"255",2,2,1,4,2,2,3,3,3,3,3,3,2,2,2,2,2,2,3,2,2,4,2,2,4,2,2,4,2,3,2,2,2,2,NA
"256",2,4,4,2,3,2,2,2,2,3,2,2,2,3,3,2,2,2,3,2,4,2,3,2,3,2,3,2,2,4,2,2,2,2,NA
"257",3,2,2,2,4,2,2,2,3,3,3,4,2,2,3,3,2,2,4,2,3,2,2,3,4,3,3,4,2,2,2,2,2,2,NA
"258",2,2,2,2,3,2,3,3,3,3,2,3,3,2,3,3,3,2,4,2,2,2,2,2,2,4,2,2,3,2,2,2,1,2,NA
"259",2,2,2,2,3,2,3,4,2,2,3,2,2,3,3,2,2,2,2,3,3,2,2,3,2,3,2,2,3,2,3,3,2,3,NA
"260",2,2,3,2,2,2,2,3,3,2,2,2,2,2,2,2,3,2,2,2,2,2,2,2,4,3,2,4,4,2,2,2,2,2,NA
"261",2,2,2,2,2,2,3,4,2,2,3,2,2,2,2,4,2,3,3,2,4,4,3,2,4,3,2,3,2,3,2,2,2,2,NA
"262",2,3,3,3,3,3,2,2,3,3,2,3,4,2,2,2,2,2,3,3,2,2,3,2,4,4,3,2,2,3,2,2,2,2,NA
"263",2,2,2,2,3,2,3,3,3,3,4,2,2,2,3,2,2,2,3,2,2,2,3,3,2,3,2,3,3,3,2,2,3,2,NA
"264",2,2,3,1,2,2,2,2,3,3,3,2,2,3,2,3,3,2,2,3,2,2,2,2,3,3,2,2,2,2,2,2,2,2,NA
"265",1,2,3,2,3,2,2,3,3,3,3,2,2,2,3,2,3,2,2,2,3,4,2,3,3,3,3,2,2,2,2,2,3,2,NA
"266",2,3,3,2,4,3,2,4,3,2,2,2,2,4,2,2,3,2,2,2,3,4,3,3,3,2,2,2,3,2,2,2,2,2,NA
"267",2,2,3,1,3,2,3,4,3,2,2,2,2,2,3,3,2,3,3,3,2,4,4,2,4,2,2,2,3,3,2,2,2,2,NA
"268",2,2,2,2,2,4,4,2,2,3,2,2,2,2,3,2,1,3,3,3,4,2,2,2,2,2,3,4,2,2,2,2,2,3,NA
"269",2,2,2,2,3,3,2,2,2,2,2,2,2,3,3,2,2,2,4,3,3,3,2,2,3,3,3,3,2,2,2,2,2,2,NA
"270",2,3,2,2,3,2,3,4,2,3,2,2,2,2,2,2,2,3,3,3,4,4,3,2,3,3,2,3,2,3,2,3,2,3,NA
"271",2,2,2,2,4,3,3,2,2,3,3,3,2,3,2,2,2,3,2,2,2,2,2,3,4,4,3,4,2,3,2,2,2,4,NA
"272",4,2,2,2,3,2,2,2,3,2,2,2,2,2,2,3,2,3,2,2,3,3,2,2,3,3,3,2,2,2,2,2,2,2,NA
"273",3,2,1,2,3,4,3,3,2,4,2,2,2,2,2,2,3,2,2,2,3,2,2,2,3,2,3,2,2,3,3,2,2,2,NA
"274",2,3,2,2,2,4,3,3,2,4,3,2,2,2,2,3,3,2,2,2,2,3,2,3,4,3,3,2,2,2,2,2,2,2,NA
"275",2,2,4,2,2,2,2,3,2,4,2,3,2,2,2,2,2,2,4,2,2,2,2,3,2,3,2,1,3,2,2,2,3,3,NA
"276",3,4,3,2,3,3,2,3,2,3,2,3,4,3,2,2,2,2,4,3,3,4,2,3,3,2,3,2,2,2,2,2,2,2,NA
"277",2,4,4,2,3,2,3,2,3,4,3,2,2,3,2,2,2,3,3,3,4,2,3,2,3,3,4,2,3,3,2,2,2,3,NA
"278",2,3,2,2,4,3,3,2,3,3,3,2,2,3,2,2,2,2,2,3,4,3,2,2,2,4,4,2,3,2,2,2,1,2,NA
"279",2,2,2,3,3,3,4,2,2,4,2,2,2,2,3,2,2,3,3,2,2,2,2,2,2,2,2,4,4,2,3,3,2,2,NA
"280",2,2,3,3,2,3,2,3,2,3,4,2,3,2,2,4,2,2,3,2,3,2,2,3,2,4,2,2,3,4,2,3,1,3,NA
"281",2,2,2,2,3,3,3,2,3,3,4,2,2,3,3,2,2,2,3,2,3,2,2,2,3,4,2,2,2,4,4,2,2,2,NA
"282",2,2,3,1,2,4,3,4,3,3,3,2,2,3,2,2,2,3,3,4,2,2,2,3,3,2,2,3,3,2,3,2,2,2,NA
"283",2,2,2,2,3,2,3,4,3,2,2,2,4,2,3,2,2,2,2,3,2,2,2,2,4,2,3,3,2,2,3,3,3,2,NA
"284",1,4,2,2,2,2,2,4,4,3,2,2,2,3,2,2,1,2,4,2,2,4,2,3,4,3,3,4,3,4,2,2,1,2,NA
"285",2,3,3,2,2,2,3,3,3,2,2,2,2,3,3,2,2,2,3,2,4,3,2,3,3,2,2,2,2,2,2,2,2,4,NA
"286",1,2,2,2,2,4,3,3,3,3,3,2,2,2,3,3,2,3,4,2,2,3,2,2,4,3,2,2,2,4,3,2,2,2,NA
"287",2,3,2,2,4,2,2,3,2,3,3,2,2,2,3,2,3,2,2,3,2,2,2,3,2,2,4,2,2,2,2,2,2,3,NA
"288",2,2,2,2,2,2,3,3,2,3,3,2,2,2,2,4,2,3,3,3,2,4,2,3,3,3,3,2,2,2,2,2,2,3,NA
"289",2,2,2,3,3,2,2,4,3,2,3,3,4,2,4,4,2,2,4,3,3,2,4,3,3,4,2,2,3,2,2,3,2,3,NA
"290",1,2,3,2,3,2,3,3,3,3,3,2,2,3,3,2,2,2,4,2,2,4,3,3,4,3,2,2,3,2,3,2,2,3,NA
"291",2,2,2,2,2,2,3,2,3,3,3,3,2,2,2,3,3,3,4,3,3,3,2,3,3,2,2,2,2,2,2,2,2,2,NA
"292",2,2,2,2,4,2,4,2,2,3,2,3,2,2,3,2,4,3,2,2,2,3,3,2,2,2,4,3,3,2,2,2,2,3,NA
"293",2,2,2,2,2,2,3,2,3,2,3,3,4,2,3,2,3,2,3,2,2,4,3,3,2,4,2,1,4,2,2,3,2,4,NA
"294",2,2,2,2,1,2,4,2,4,3,3,3,2,2,3,2,3,2,3,3,2,4,3,3,3,2,3,2,2,2,4,2,3,2,NA
"295",3,1,3,2,2,2,3,2,3,3,2,2,2,3,2,2,3,2,3,3,2,2,2,3,4,3,2,3,2,2,2,3,2,1,NA
"296",2,2,3,2,1,2,3,4,3,2,2,2,2,2,2,2,2,3,3,3,3,2,2,3,4,2,2,4,2,2,3,2,2,2,NA
"297",2,3,2,2,2,3,2,3,4,2,2,3,2,2,3,2,3,4,4,2,2,3,2,3,2,2,3,2,2,2,3,2,2,3,NA
"298",2,2,2,3,2,3,1,3,4,4,2,3,3,2,2,2,2,2,4,3,2,2,3,2,2,3,2,3,2,2,2,2,2,2,NA
"299",2,2,2,2,2,3,2,2,4,3,2,2,2,3,3,2,3,3,2,4,2,3,3,2,3,3,2,3,2,2,2,2,2,2,NA
"300",2,3,2,2,3,2,3,4,4,3,3,4,2,3,4,2,3,2,3,2,3,2,3,2,2,2,2,2,2,2,2,2,2,4,NA
"301",3,2,2,2,2,2,3,3,3,3,3,2,1,3,3,3,2,2,2,2,3,3,2,2,3,3,2,3,2,2,3,1,2,2,NA
"302",2,2,2,2,2,4,2,3,3,2,2,3,3,3,2,2,2,2,3,2,4,2,2,3,2,3,2,2,2,2,2,2,2,2,NA
"303",3,2,2,NA,3,2,2,3,3,4,2,3,2,2,2,3,3,4,3,3,2,2,2,3,3,3,3,2,2,2,2,2,3,2,NA
"304",3,2,3,NA,3,3,3,3,3,3,2,2,3,2,2,2,2,2,3,3,3,2,3,2,2,3,3,3,2,2,3,2,2,2,NA
"305",2,2,2,NA,2,3,3,3,2,3,3,2,2,2,2,3,2,2,2,2,2,2,3,3,3,2,4,2,4,2,4,2,2,2,NA
"306",2,2,2,NA,2,4,2,2,3,4,4,3,2,3,2,3,2,2,2,3,2,4,3,3,3,2,2,2,2,2,3,3,2,4,NA
"307",2,3,2,NA,2,4,2,2,3,3,3,2,2,3,4,3,2,2,3,2,3,2,3,3,2,2,3,3,3,2,2,2,2,2,NA
"308",3,2,2,NA,3,4,3,3,2,3,3,2,3,3,3,3,2,2,2,2,4,3,3,2,2,3,2,2,2,4,2,2,2,2,NA
"309",2,3,3,NA,2,2,3,3,2,3,2,2,3,2,2,2,2,2,3,2,2,4,2,3,3,2,3,2,2,2,2,3,2,3,NA
"310",2,2,2,NA,2,3,4,4,3,3,2,2,2,2,3,2,2,2,3,3,2,2,2,2,3,3,2,2,2,2,2,2,2,2,NA
"311",1,2,2,NA,3,2,3,3,3,3,3,3,3,3,3,2,2,2,4,3,2,2,2,2,3,3,3,2,3,3,2,2,3,3,NA
"312",2,2,2,NA,3,4,3,2,4,3,3,3,2,3,3,4,4,2,2,3,3,3,3,2,3,3,2,2,2,2,2,3,2,2,NA
"313",2,2,2,NA,4,4,4,2,2,3,3,3,2,2,2,2,2,3,2,2,2,3,3,2,3,4,4,4,4,4,2,2,2,2,NA
"314",2,2,4,NA,4,2,3,3,2,3,2,3,2,2,2,4,3,3,2,3,2,3,2,3,3,2,3,4,2,4,2,2,2,3,NA
"315",2,3,2,NA,4,2,2,3,2,3,3,3,2,2,3,3,2,3,2,3,3,2,2,2,2,2,3,2,2,2,2,2,2,3,NA
"316",3,3,2,NA,3,3,3,3,3,2,3,2,4,2,3,3,2,4,2,2,2,2,2,3,3,2,2,3,2,2,3,2,2,2,NA
"317",2,3,2,NA,3,3,3,2,3,2,3,1,2,2,2,3,2,3,3,3,3,3,2,3,3,2,4,3,2,2,3,2,2,3,NA
"318",2,3,2,NA,3,3,3,2,2,4,4,2,2,2,2,2,4,3,2,2,2,2,2,3,2,2,4,2,2,2,2,2,2,3,NA
"319",2,3,2,NA,3,3,3,3,2,2,3,3,2,2,2,2,3,2,4,3,2,3,3,3,2,3,3,2,3,2,2,2,2,2,NA
"320",2,3,3,NA,4,2,3,3,2,3,2,4,2,3,2,2,3,2,2,2,3,3,2,3,2,2,4,2,2,2,3,2,2,3,NA
"321",2,2,3,NA,3,3,2,2,4,3,2,3,2,4,2,3,2,4,4,1,2,2,2,2,3,3,2,2,2,2,2,3,3,3,NA
"322",2,2,2,NA,3,3,4,3,2,3,2,2,2,2,2,2,2,2,4,3,3,2,2,2,2,2,3,3,2,2,2,2,2,3,NA
"323",2,3,2,NA,3,3,2,2,4,2,2,4,2,2,2,2,2,2,2,4,2,2,2,3,2,3,3,3,2,4,2,3,2,2,NA
"324",2,2,3,NA,2,2,2,2,2,2,2,2,2,3,2,4,2,2,2,3,3,3,2,2,3,3,2,2,2,2,3,4,3,2,NA
"325",2,3,3,NA,3,2,3,2,3,3,2,2,4,2,2,2,3,3,3,2,3,2,2,2,2,2,2,2,2,2,2,2,2,2,NA
"326",2,2,3,NA,3,2,4,2,3,3,2,2,4,2,2,3,2,3,3,3,2,2,3,2,2,2,3,3,2,2,2,2,3,3,NA
"327",3,4,3,NA,2,2,3,4,2,2,3,2,4,2,3,2,2,3,4,3,2,3,3,3,3,2,2,3,3,3,2,2,2,2,NA
"328",2,2,2,NA,3,3,2,2,3,2,3,2,2,3,2,2,4,2,2,2,3,2,2,2,2,3,3,2,3,2,3,2,4,2,NA
"329",2,3,2,NA,3,2,2,2,2,2,2,3,2,3,3,3,4,2,3,3,3,4,3,3,2,2,2,2,2,2,2,2,2,3,NA
"330",2,2,2,NA,2,2,3,3,2,3,4,4,2,2,3,2,2,4,2,2,3,2,3,3,3,2,2,2,4,2,2,2,2,2,NA
"331",2,3,NA,NA,2,4,4,2,2,3,3,3,2,2,3,3,3,2,3,4,3,3,2,2,3,2,3,2,2,2,2,3,2,2,NA
"332",2,2,NA,NA,2,2,3,3,2,3,2,3,4,2,3,2,3,2,3,3,2,2,3,3,2,4,4,3,2,2,2,3,2,3,NA
"333",3,2,NA,NA,3,4,4,4,3,3,3,2,4,2,2,3,2,3,3,2,3,2,2,2,3,4,2,2,3,2,4,2,4,3,NA
"334",2,2,NA,NA,2,2,2,2,3,3,3,2,2,2,2,3,2,2,4,3,3,3,3,3,3,4,2,3,2,2,2,2,2,2,NA
"335",2,3,NA,NA,2,2,3,2,2,2,2,2,4,2,2,2,2,2,3,3,2,2,2,3,2,4,2,2,3,2,2,2,2,3,NA
"336",3,2,NA,NA,2,2,3,4,2,3,2,3,2,2,3,2,4,2,3,2,2,4,3,2,3,2,3,3,2,2,2,3,2,2,NA
"337",2,2,NA,NA,3,4,4,4,2,4,2,3,2,3,3,3,4,2,3,2,3,2,3,3,2,4,3,2,2,4,2,2,2,2,NA
"338",2,2,NA,NA,3,4,4,4,2,4,2,2,3,2,3,2,3,4,3,2,2,4,4,2,4,2,3,2,2,2,2,2,3,3,NA
"339",2,2,NA,NA,3,4,NA,4,2,2,2,2,2,2,2,2,2,2,3,4,2,3,3,3,2,2,2,3,4,4,2,2,3,2,NA
"340",2,3,NA,NA,3,4,NA,4,3,3,2,2,2,2,3,4,2,2,3,2,2,2,2,2,4,3,2,2,3,2,2,3,2,2,NA
"341",1,2,NA,NA,3,3,NA,1,2,3,2,3,2,3,3,4,3,2,2,3,4,3,2,3,3,4,2,2,3,2,2,2,2,2,NA
"342",2,2,NA,NA,2,4,NA,4,2,3,2,3,2,2,2,2,3,3,3,3,3,4,3,4,3,2,2,3,2,4,2,3,2,3,NA
"343",2,2,NA,NA,2,4,NA,2,2,2,2,2,2,3,3,3,2,2,3,2,4,2,2,3,3,3,2,4,3,NA,4,2,2,4,NA
"344",2,4,NA,NA,2,2,NA,2,2,3,3,2,3,2,3,3,2,2,2,2,2,3,2,3,2,2,3,2,2,NA,2,3,2,2,NA
"345",2,3,NA,NA,3,3,NA,2,2,4,3,3,3,3,3,1,3,3,3,3,2,2,3,3,3,3,2,4,2,NA,2,2,NA,3,NA
"346",2,2,NA,NA,3,2,NA,3,2,3,2,2,2,2,2,2,2,2,3,2,1,2,3,3,3,4,1,2,2,NA,NA,3,NA,2,NA
"347",1,2,NA,NA,2,3,NA,3,3,2,2,2,2,2,3,2,3,2,2,2,2,3,2,2,2,4,3,2,2,NA,NA,2,NA,2,NA
"348",1,2,NA,NA,3,4,NA,3,2,3,3,3,2,2,2,2,3,2,3,2,3,3,3,3,3,2,2,2,3,NA,NA,2,NA,2,NA
"349",3,3,NA,NA,3,3,NA,3,2,3,NA,2,2,3,2,2,4,2,2,3,4,2,2,2,3,3,3,3,2,NA,NA,2,NA,2,NA
"350",2,2,NA,NA,3,3,NA,3,4,3,NA,2,2,3,4,2,3,3,3,3,4,2,2,2,3,3,2,2,2,NA,NA,2,NA,2,NA
"351",3,1,NA,NA,4,2,NA,3,2,3,NA,2,2,3,2,2,2,2,2,2,3,2,3,3,2,2,2,2,2,NA,NA,2,NA,2,NA
"352",2,2,NA,NA,4,2,NA,2,3,3,NA,4,2,2,3,3,4,2,4,2,3,3,3,3,2,3,2,3,3,NA,NA,3,NA,2,NA
"353",3,2,NA,NA,2,2,NA,3,2,2,NA,2,2,2,2,2,3,2,4,3,2,2,3,2,2,4,3,2,2,NA,NA,NA,NA,3,NA
"354",2,2,NA,NA,2,2,NA,3,2,2,NA,4,3,2,2,1,3,2,2,2,2,3,1,2,4,3,3,2,2,NA,NA,NA,NA,2,NA
"355",2,2,NA,NA,3,3,NA,3,2,2,NA,2,4,2,2,4,2,3,3,3,3,2,2,2,4,3,NA,4,2,NA,NA,NA,NA,NA,NA
"356",1,4,NA,NA,2,3,NA,3,2,2,NA,4,2,3,2,2,2,2,2,2,3,2,4,2,3,2,NA,2,2,NA,NA,NA,NA,NA,NA
"357",3,4,NA,NA,4,3,NA,3,NA,3,NA,2,1,4,2,2,3,3,2,3,2,2,2,2,3,4,NA,4,2,NA,NA,NA,NA,NA,NA
"358",3,3,NA,NA,2,3,NA,3,NA,2,NA,2,2,3,2,2,3,2,3,4,2,4,3,2,2,2,NA,3,3,NA,NA,NA,NA,NA,NA
"359",2,3,NA,NA,3,2,NA,3,NA,3,NA,3,2,3,3,2,2,2,3,3,3,2,2,3,3,3,NA,2,3,NA,NA,NA,NA,NA,NA
"360",3,2,NA,NA,2,3,NA,3,NA,3,NA,3,3,2,2,1,3,3,3,2,3,4,3,4,3,3,NA,2,NA,NA,NA,NA,NA,NA,NA
"361",3,2,NA,NA,NA,4,NA,3,NA,3,NA,2,3,3,2,2,3,3,NA,2,4,2,2,4,3,3,NA,2,NA,NA,NA,NA,NA,NA,NA
"362",2,2,NA,NA,NA,2,NA,2,NA,3,NA,2,3,3,3,2,2,2,NA,3,2,1,3,3,3,2,NA,3,NA,NA,NA,NA,NA,NA,NA
"363",2,2,NA,NA,NA,4,NA,3,NA,3,NA,2,2,3,2,2,3,2,NA,3,NA,2,2,2,4,2,NA,NA,NA,NA,NA,NA,NA,NA,NA
"364",2,3,NA,NA,NA,2,NA,3,NA,2,NA,3,3,2,2,2,3,3,NA,4,NA,2,4,2,2,3,NA,NA,NA,NA,NA,NA,NA,NA,NA
"365",2,2,NA,NA,NA,2,NA,3,NA,4,NA,3,2,3,2,2,3,3,NA,3,NA,2,4,3,2,3,NA,NA,NA,NA,NA,NA,NA,NA,NA
"366",2,1,NA,NA,NA,3,NA,2,NA,2,NA,2,4,2,2,3,3,2,NA,4,NA,2,2,2,3,2,NA,NA,NA,NA,NA,NA,NA,NA,NA
"367",2,2,NA,NA,NA,2,NA,2,NA,3,NA,2,2,3,3,4,2,2,NA,2,NA,3,2,2,3,4,NA,NA,NA,NA,NA,NA,NA,NA,NA
"368",3,2,NA,NA,NA,3,NA,2,NA,4,NA,2,2,2,3,2,2,NA,NA,3,NA,2,2,4,3,2,NA,NA,NA,NA,NA,NA,NA,NA,NA
"369",2,2,NA,NA,NA,2,NA,3,NA,2,NA,2,2,3,2,2,2,NA,NA,3,NA,1,3,3,2,3,NA,NA,NA,NA,NA,NA,NA,NA,NA
"370",3,2,NA,NA,NA,2,NA,2,NA,3,NA,2,2,3,2,3,2,NA,NA,3,NA,2,NA,2,NA,2,NA,NA,NA,NA,NA,NA,NA,NA,NA
"371",2,4,NA,NA,NA,3,NA,3,NA,2,NA,3,2,3,2,4,2,NA,NA,3,NA,3,NA,3,NA,2,NA,NA,NA,NA,NA,NA,NA,NA,NA
"372",2,2,NA,NA,NA,4,NA,2,NA,4,NA,3,4,3,2,4,4,NA,NA,3,NA,4,NA,NA,NA,3,NA,NA,NA,NA,NA,NA,NA,NA,NA
"373",2,2,NA,NA,NA,2,NA,2,NA,3,NA,2,2,2,2,4,3,NA,NA,2,NA,4,NA,NA,NA,NA,NA,NA,NA,NA,NA,NA,NA,NA,NA
"374",2,3,NA,NA,NA,4,NA,2,NA,4,NA,2,4,2,2,2,3,NA,NA,2,NA,3,NA,NA,NA,NA,NA,NA,NA,NA,NA,NA,NA,NA,NA
"375",2,2,NA,NA,NA,2,NA,2,NA,2,NA,NA,2,2,3,2,2,NA,NA,4,NA,3,NA,NA,NA,NA,NA,NA,NA,NA,NA,NA,NA,NA,NA
"376",1,3,NA,NA,NA,4,NA,2,NA,3,NA,NA,3,2,NA,2,2,NA,NA,3,NA,2,NA,NA,NA,NA,NA,NA,NA,NA,NA,NA,NA,NA,NA
"377",3,3,NA,NA,NA,4,NA,2,NA,NA,NA,NA,2,3,NA,4,2,NA,NA,3,NA,3,NA,NA,NA,NA,NA,NA,NA,NA,NA,NA,NA,NA,NA
"378",2,3,NA,NA,NA,3,NA,2,NA,NA,NA,NA,2,3,NA,2,3,NA,NA,2,NA,2,NA,NA,NA,NA,NA,NA,NA,NA,NA,NA,NA,NA,NA
"379",2,3,NA,NA,NA,2,NA,3,NA,NA,NA,NA,2,3,NA,2,3,NA,NA,2,NA,2,NA,NA,NA,NA,NA,NA,NA,NA,NA,NA,NA,NA,NA
"380",NA,2,NA,NA,NA,3,NA,4,NA,NA,NA,NA,4,3,NA,2,3,NA,NA,2,NA,3,NA,NA,NA,NA,NA,NA,NA,NA,NA,NA,NA,NA,NA
"381",NA,2,NA,NA,NA,2,NA,2,NA,NA,NA,NA,2,2,NA,NA,3,NA,NA,2,NA,3,NA,NA,NA,NA,NA,NA,NA,NA,NA,NA,NA,NA,NA
"382",NA,2,NA,NA,NA,3,NA,2,NA,NA,NA,NA,4,2,NA,NA,2,NA,NA,2,NA,3,NA,NA,NA,NA,NA,NA,NA,NA,NA,NA,NA,NA,NA
"383",NA,1,NA,NA,NA,2,NA,3,NA,NA,NA,NA,2,3,NA,NA,2,NA,NA,2,NA,2,NA,NA,NA,NA,NA,NA,NA,NA,NA,NA,NA,NA,NA
"384",NA,2,NA,NA,NA,3,NA,2,NA,NA,NA,NA,2,2,NA,NA,4,NA,NA,3,NA,2,NA,NA,NA,NA,NA,NA,NA,NA,NA,NA,NA,NA,NA
"385",NA,3,NA,NA,NA,2,NA,3,NA,NA,NA,NA,2,2,NA,NA,2,NA,NA,2,NA,2,NA,NA,NA,NA,NA,NA,NA,NA,NA,NA,NA,NA,NA
"386",NA,2,NA,NA,NA,2,NA,3,NA,NA,NA,NA,2,2,NA,NA,2,NA,NA,2,NA,2,NA,NA,NA,NA,NA,NA,NA,NA,NA,NA,NA,NA,NA
"387",NA,2,NA,NA,NA,NA,NA,4,NA,NA,NA,NA,2,2,NA,NA,3,NA,NA,NA,NA,3,NA,NA,NA,NA,NA,NA,NA,NA,NA,NA,NA,NA,NA
"388",NA,2,NA,NA,NA,NA,NA,3,NA,NA,NA,NA,3,3,NA,NA,NA,NA,NA,NA,NA,3,NA,NA,NA,NA,NA,NA,NA,NA,NA,NA,NA,NA,NA
"389",NA,2,NA,NA,NA,NA,NA,3,NA,NA,NA,NA,3,2,NA,NA,NA,NA,NA,NA,NA,2,NA,NA,NA,NA,NA,NA,NA,NA,NA,NA,NA,NA,NA
"390",NA,2,NA,NA,NA,NA,NA,2,NA,NA,NA,NA,2,NA,NA,NA,NA,NA,NA,NA,NA,NA,NA,NA,NA,NA,NA,NA,NA,NA,NA,NA,NA,NA,NA
"391",NA,2,NA,NA,NA,NA,NA,3,NA,NA,NA,NA,2,NA,NA,NA,NA,NA,NA,NA,NA,NA,NA,NA,NA,NA,NA,NA,NA,NA,NA,NA,NA,NA,NA
"392",NA,NA,NA,NA,NA,NA,NA,3,NA,NA,NA,NA,4,NA,NA,NA,NA,NA,NA,NA,NA,NA,NA,NA,NA,NA,NA,NA,NA,NA,NA,NA,NA,NA,NA
"393",NA,NA,NA,NA,NA,NA,NA,2,NA,NA,NA,NA,2,NA,NA,NA,NA,NA,NA,NA,NA,NA,NA,NA,NA,NA,NA,NA,NA,NA,NA,NA,NA,NA,NA
"394",NA,NA,NA,NA,NA,NA,NA,3,NA,NA,NA,NA,3,NA,NA,NA,NA,NA,NA,NA,NA,NA,NA,NA,NA,NA,NA,NA,NA,NA,NA,NA,NA,NA,NA
"395",NA,NA,NA,NA,NA,NA,NA,2,NA,NA,NA,NA,3,NA,NA,NA,NA,NA,NA,NA,NA,NA,NA,NA,NA,NA,NA,NA,NA,NA,NA,NA,NA,NA,NA
"396",NA,NA,NA,NA,NA,NA,NA,2,NA,NA,NA,NA,3,NA,NA,NA,NA,NA,NA,NA,NA,NA,NA,NA,NA,NA,NA,NA,NA,NA,NA,NA,NA,NA,NA
"397",NA,NA,NA,NA,NA,NA,NA,3,NA,NA,NA,NA,2,NA,NA,NA,NA,NA,NA,NA,NA,NA,NA,NA,NA,NA,NA,NA,NA,NA,NA,NA,NA,NA,NA
"398",NA,NA,NA,NA,NA,NA,NA,4,NA,NA,NA,NA,1,NA,NA,NA,NA,NA,NA,NA,NA,NA,NA,NA,NA,NA,NA,NA,NA,NA,NA,NA,NA,NA,NA
"399",NA,NA,NA,NA,NA,NA,NA,2,NA,NA,NA,NA,4,NA,NA,NA,NA,NA,NA,NA,NA,NA,NA,NA,NA,NA,NA,NA,NA,NA,NA,NA,NA,NA,NA
"400",NA,NA,NA,NA,NA,NA,NA,2,NA,NA,NA,NA,2,NA,NA,NA,NA,NA,NA,NA,NA,NA,NA,NA,NA,NA,NA,NA,NA,NA,NA,NA,NA,NA,NA
"401",NA,NA,NA,NA,NA,NA,NA,2,NA,NA,NA,NA,2,NA,NA,NA,NA,NA,NA,NA,NA,NA,NA,NA,NA,NA,NA,NA,NA,NA,NA,NA,NA,NA,NA
"402",NA,NA,NA,NA,NA,NA,NA,4,NA,NA,NA,NA,2,NA,NA,NA,NA,NA,NA,NA,NA,NA,NA,NA,NA,NA,NA,NA,NA,NA,NA,NA,NA,NA,NA
"403",NA,NA,NA,NA,NA,NA,NA,2,NA,NA,NA,NA,NA,NA,NA,NA,NA,NA,NA,NA,NA,NA,NA,NA,NA,NA,NA,NA,NA,NA,NA,NA,NA,NA,NA
"404",NA,NA,NA,NA,NA,NA,NA,2,NA,NA,NA,NA,NA,NA,NA,NA,NA,NA,NA,NA,NA,NA,NA,NA,NA,NA,NA,NA,NA,NA,NA,NA,NA,NA,NA
"405",NA,NA,NA,NA,NA,NA,NA,2,NA,NA,NA,NA,NA,NA,NA,NA,NA,NA,NA,NA,NA,NA,NA,NA,NA,NA,NA,NA,NA,NA,NA,NA,NA,NA,NA
"406",NA,NA,NA,NA,NA,NA,NA,3,NA,NA,NA,NA,NA,NA,NA,NA,NA,NA,NA,NA,NA,NA,NA,NA,NA,NA,NA,NA,NA,NA,NA,NA,NA,NA,NA
